"id","type","category","title","text","value"
"_","code","Text","Geschütztes Leerzeichenen:Hard space","&nbsp;",""
"-","code","Text","Durchgestrichenen:Crossed out","<s>%text%</s>","text"
".","code","Symbol","Aufzählungspunkten:Bullet","&bull;&nbsp;",""
"|","code","Text","Weiches Trennzeichenen:Soft hyphen","&shy;",""
"address","code","Info","Adresseen:Address","Ihre Adresseen:Your address",""
"black","code","Text","Schwarz","<span style=""COLOR:#black"">%text%</span>","text"
"color","code","Text","Farbeen:Color","<span[ style=""COLOR:%color%""]>%text%</span>","text,color"
"company","code","Info","Unternehmenen:Company","Ihr Unternehmenen:Your company",""
"copyright","code","Info","Copyright","Ihr Nameen:Your name",""
"data_privacy_statement","code","Link","Datenschutzerklärungen:Data privacy","<a href=""/de/datenschutz.php"" onclick=""window.open(this.href);return false;"">Datenschutzerklärung</a>en:<a href=""/en/data-privacy.php"" onclick=""window.open(this.href);return false;"">data privacy statement</a>",""
"default_column_min_width","code","Default","Spalten-Mindestbreiteen:Column min. width","400",""
"default_iframe_sandbox_attribute","code","Default","Iframe Sandbox-Attributen:Iframe sandbox attribute","allow-forms allow-modals allow-same-origin allow-popups allow-popups-to-escape-sandbox allow-scripts",""
"email","code","Info","E-Mailen:E-mail","info@example.com",""
"h1","code","Text","Überschrift 1en:Heading 1","<h1 style=""DISPLAY:inline-block"">%text%</h1>","text"
"h2","code","Text","Überschrift 2en:Heading 2","<h2 style=""DISPLAY:inline-block"">%text%</h2>","text"
"h3","code","Text","Überschrift 3en:Heading 3","<h3 style=""DISPLAY:inline-block"">%text%</h3>","text"
"hidden","code","[ ... ]","Versteckten:Hidden","<div style=""DISPLAY:none"">%text%<</div>","text"
"horizontal_space","code","[ ... ]","Horizontaler Abstanden:Horizontal space","<img src=""data:image/svg+xml,%3Csvg%20xmlns%3D%22http%3A%2F%2Fwww.w3.org%2F2000%2Fsvg%22%20width%3D%22%pixel%%22%20height%3D%220%22%3E%3C%2Fsvg%3E"" alt="""">","pixel"
"hover_text","code","Text","Hovertexten:Hover text","<span[ title=""%hover_text%""]/>%text%</span>","hover_text,text"
"icon","code","Symbol","Icon","[<span class=""icon-%name%"" aria-hidden=""true""></span>]","name"
"jumplabel","code","Link","Sprungmarkeen:Jump label","<span[ id=""%id%""]>%text%</span>","id,text"
"l_accept","code","Local","Akzeptierenen:Accept","Akzeptierenen:Accept",""
"l_address","code","Local","Adresseen:Address","Adresseen:Address",""
"l_alternative_poster_image","code","Local","Alternatives Vorschaubilden:Alternative poster image","Alternatives Vorschaubilden:Alternative poster image",""
"l_alternative_unprotected_content","code","Local","Alternativer (ungeschützter) Inhalten:Alternative (unprotected) content","Alternativer (ungeschützter) Inhalten:Alternative (unprotected) content",""
"l_anchor_link","code","Local","Sprungmarkeen:Anchor link","Sprungmarkeen:Anchor link",""
"l_answer","code","Local","Antworten:Answer","Antworten:Answer",""
"l_aspect_ratio","code","Local","Seitenverhältnisen:Aspect ratio","Seitenverhältnisen:Aspect ratio",""
"l_attribute","code","Local","Eigenschaften:Attribute","Eigenschaften:Attribute",""
"l_audio_file","code","Local","Audiodateien:Audio file","Audiodateien:Audio file",""
"l_author","code","Local","Autoren:Author","Autoren:Author",""
"l_auto_rotate","code","Local","Automatisches Drehenen:Auto-rotate","Automatisches Drehenen:Auto-rotate",""
"l_autoplay","code","Local","Autoplay","Autoplay",""
"l_background","code","Local","Hintergrunden:Background","Hintergrunden:Background",""
"l_background_left","code","Local","Hintergrund linksen:Background left","Hintergrund linksen:Background left",""
"l_background_right","code","Local","Hintergrund rechtsen:Background right","Hintergrund rechtsen:Background right",""
"l_base","code","Local","Basisen:Base","Basisen:Base",""
"l_beginning","code","Local","Anfangen:Beginning","Anfangen:Beginning",""
"l_blog_id","code","Local","Blog-IDen:Blog ID","Blog-IDen:Blog ID",""
"l_bold_text","code","Local","Fettgedruckter Texten:Bold text","Fettgedruckter Texten:Bold text",""
"l_business_hours","code","Local","Geschäftszeitenen:Business hours","Geschäftszeitenen:Business hours",""
"l_button","code","Local","Button","Button",""
"l_button_text","code","Local","Buttontexten:Button text","Buttontexten:Button text",""
"l_category","code","Local","Kategorieen:Category","Kategorieen:Category",""
"l_center_text","code","Local","Text zentrierenen:Center text","Text zentrierenen:Center text",""
"l_channel_info","code","Local","Kanalinfoen:Channel info","Kanalinfoen:Channel info",""
"l_chat","code","Local","Chat","Chat",""
"l_city","code","Local","Orten:City","Orten:City",""
"l_click_here","code","Local","Hier klickenen:Click here","Hier klickenen:Click here",""
"l_close","code","Local","Schließenen:Close","Schließenen:Close",""
"l_collapse_inactive_blocks","code","Local","Inaktive Blöcke zuklappenen:Collapse inactive blocks","Inaktive Blöcke zuklappenen:Collapse inactive blocks",""
"l_column_span","code","Local","Spalten-Spannweiteen:Column span","Spalten-Spannweiteen:Column span",""
"l_comment_id","code","Local","Kommentar-IDen:Comment ID","Kommentar-IDen:Comment ID",""
"l_comment_settings","code","Local","Kommentareinstellungenen:Comment settings","Kommentareinstellungenen:Comment settings",""
"l_commercial_register_entry","code","Local","Handelsregistereintragungen:Commercial register entry","Handelsregistereintragungen:Commercial register entry",""
"l_company","code","Local","Firmaen:Company","Firmaen:Company",""
"l_contact","code","Local","Kontakten:Contact","Kontakten:Contact",""
"l_contact_form","code","Local","Kontaktformularen:Contact form","Kontaktformularen:Contact form",""
"l_contact_person","code","Local","Ansprechpartneren:Contact person","Ansprechpartneren:Contact person",""
"l_content_left","code","Local","Inhalt linksen:Content left","Inhalt linksen:Content left",""
"l_content_right","code","Local","Inhalt rechtsen:Content right","Inhalt rechtsen:Content right",""
"l_country","code","Local","Landen:Country","Landen:Country",""
"l_data_privacy_button","code","Local","Datenschutz Buttonen:Data privacy button","Mehr zum Datenschutzen:More about data privacy",""
"l_data_privacy_statement","code","Local","Datenschutzerklärungen:Data privacy statement","Datenschutzerklärungen:Data privacy statement",""
"l_date","code","Local","Datumen:Date","Datumen:Date",""
"l_default_image","code","Local","Default-Bilden:Default image","Default-Bilden:Default image",""
"l_definition","code","Local","Definition","Definition",""
"l_description","code","Local","Beschreibungen:Description","Beschreibungen:Description",""
"l_designation","code","Local","Bezeichnungen:Designation","Bezeichnungen:Designation",""
"l_disable_tracking","code","Local","Tracking deaktivierenen:Disable tracking","Tracking deaktivieren (Opt-Out)en:Disable tracking (opt-out)",""
"l_disabled","code","Local","Deaktivierten:Disabled","Deaktivierten:Disabled",""
"l_display_time_in_ms","code","Local","Anzeigezeit in msen:Display time in ms","Anzeigezeit in msen:Display time in ms",""
"l_download","code","Local","Download","Download",""
"l_duration_in_s","code","Local","Dauer in sen:Duration in s","Dauer in sen:Duration in s",""
"l_editing_mode_information","code","Local","Bearbeitungsmodus-Informationenen:Editing mode information","Bearbeitungsmodus-Informationenen:Editing mode information",""
"l_email","code","Local","E-Mailen:E-mail","E-Mailen:E-mail",""
"l_email_field_name","code","Local","E-Mail-Feldnameen:E-mail field name","E-Mail-Feldnameen:E-mail field name",""
"l_email_protection","code","Local","E-Mail-Schutzen:E-mail protection","Um uns vor Spambots zu schützen,
wird die E-Mail-Adresse mittels JavaScript dargestellt.
Bitte aktivieren Sie JavaScript,
damit die E-Mail-Adresse angezeigt werden kann.en:In order to protect ourselves from spam bots,
this e-mail address is displayed using JavaScript.
Please activate JavaScript,
so the e-mail address can be displayed.",""
"l_emphasized_text","code","Local","Hervorgehobener Texten:Emphasized text","Hervorgehobener Texten:Emphasized text",""
"l_employment_type","code","Local","Beschäftigungsarten:Employment type","Beschäftigungsarten:Employment type",""
"l_empty_equals_automatic","code","Local","Leer = automatischen:Empty = automatic","Leer = automatischen:Empty = automatic",""
"l_empty_equals_document_id","code","Local","Leer = Dokument-IDen:Empty = document ID","Leer = Dokument-IDen:Empty = document ID",""
"l_entire_background","code","Local","Gesamter Hintergrunden:Entire background","Gesamter Hintergrunden:Entire background",""
"l_entries","code","Local","Einträgeen:Entries","Einträgeen:Entries",""
"l_example","code","Local","Beispielen:Example","Beispielen:Example",""
"l_exclude_domains","code","Local","Domains ausschließenen:Exclude domains","Domains ausschließenen:Exclude domains",""
"l_executive_management","code","Local","Geschäftsführungen:Executive management","Geschäftsführungen:Executive management",""
"l_fade","code","Local","Überblendenen:Fade","Überblendenen:Fade",""
"l_fade_transition_speed","code","Local","Überblendgeschwindigkeiten:Fade transition speed","Überblendgeschwindigkeiten:Fade transition speed",""
"l_faq_entry","code","Local","FAQ-Eintragen:FAQ entry","FAQ-Eintragen:FAQ entry",""
"l_faq_heading","code","Local","FAQ-Überschriften:FAQ heading","FAQ-Überschriften:FAQ heading",""
"l_fax","code","Local","Fax","Fax",""
"l_field_1_content","code","Local","Freifeld 1, Inhalten:Field 1, content","Freifeld 1, Inhalten:Field 1, content",""
"l_field_1_designation","code","Local","Freifeld 1, Bezeichnungen:Field 1, designation","Freifeld 1, Bezeichnungen:Field 1, designation",""
"l_field_2_content","code","Local","Freifeld 2, Inhalten:Field 2, content","Freifeld 2, Inhalten:Field 2, content",""
"l_field_2_designation","code","Local","Freifeld 2, Bezeichnungen:Field 2, designation","Freifeld 2, Bezeichnungen:Field 2, designation",""
"l_field_3_content","code","Local","Freifeld 3, Inhalten:Field 3, content","Freifeld 3, Inhalten:Field 3, content",""
"l_field_3_designation","code","Local","Freifeld 3, Bezeichnungen:Field 3, designation","Freifeld 3, Bezeichnungen:Field 3, designation",""
"l_fill_space","code","Local","Platz ausfüllenen:Fill space","Platz ausfüllenen:Fill space",""
"l_filter_html","code","Local","HTML filternen:Filter HTML","HTML filternen:Filter HTML",""
"l_flip","code","Local","Umdrehenen:Flip","Umdrehenen:Flip",""
"l_forum_id","code","Local","Forum-IDen:Forum ID","Forum-IDen:Forum ID",""
"l_fullscreen","code","Local","Vollbilden:Fullscreen","Vollbilden:Fullscreen",""
"l_graphic_design","code","Local","Grafische Gestaltungen:Graphic design","Grafische Gestaltungen:Graphic design",""
"l_heading","code","Local","Überschriften:Heading","Überschriften:Heading",""
"l_heading_1","code","Local","Überschrift 1en:Heading 1","Überschrift 1en:Heading 1",""
"l_heading_1_wo_h1_element","code","Local","Überschrift 1 ohne H1-Elementen:Heading 1 w/o H1 element","Überschrift 1 ohne H1-Elementen:Heading 1 w/o H1 element",""
"l_heading_2","code","Local","Überschrift 2en:Heading 2","Überschrift 2en:Heading 2",""
"l_heading_2_wo_h2_element","code","Local","Überschrift 2 ohne H2-Elementen:Heading 2 w/o H2 element","Überschrift 2 ohne H2-Elementen:Heading 2 w/o H2 element",""
"l_heading_3","code","Local","Überschrift 3en:Heading 3","Überschrift 3en:Heading 3",""
"l_heading_3_wo_h3_element","code","Local","Überschrift 3 ohne H3-Elementen:Heading 3 w/o H3 element","Überschrift 3 ohne H3-Elementen:Heading 3 w/o H3 element",""
"l_hide","code","Local","Ausblendenen:Hide","Ausblendenen:Hide",""
"l_hide_author","code","Local","Autor ausblendenen:Hide author","Autor ausblendenen:Hide author",""
"l_hide_category","code","Local","Kategorie ausblendenen:Hide category","Kategorie ausblendenen:Hide category",""
"l_hide_comments","code","Local","Kommentare ausblendenen:Hide comments","Kommentare ausblendenen:Hide comments",""
"l_hide_control_area","code","Local","Kontrollbereich ausblendenen:Hide control area","Kontrollbereich ausblendenen:Hide control area",""
"l_hide_copyright","code","Local","Copyright ausblendenen:Hide copyright","Copyright ausblendenen:Hide copyright",""
"l_hide_description","code","Local","Beschreibung ausblendenen:Hide description","Beschreibung ausblendenen:Hide description",""
"l_hide_enclosure","code","Local","Anhang ausblendenen:Hide enclosure","Anhang ausblendenen:Hide enclosure",""
"l_hide_generator","code","Local","Generator ausblendenen:Hide generator","Generator ausblendenen:Hide generator",""
"l_hide_id","code","Local","ID ausblendenen:Hide ID","ID ausblendenen:Hide ID",""
"l_hide_image","code","Local","Bild ausblendenen:Hide image","Bild ausblendenen:Hide image",""
"l_hide_last_build_date","code","Local","Stand ausblendenen:Hide last build date","Stand ausblendenen:Hide last build date",""
"l_hide_link","code","Local","Link ausblendenen:Hide link","Link ausblendenen:Hide link",""
"l_hide_managing_editor","code","Local","Redakteur ausblendenen:Hide managing editor","Redakteur ausblendenen:Hide managing editor",""
"l_hide_source","code","Local","Quelle ausblendenen:Hide source","Quelle ausblendenen:Hide source",""
"l_hide_title","code","Local","Titel ausblendenen:Hide title","Titel ausblendenen:Hide title",""
"l_hide_update_date","code","Local","Aktualisierungsdatum ausblendenen:Hide update date","Aktualisierungsdatum ausblendenen:Hide update date",""
"l_hide_webmaster","code","Local","Webmaster ausblendenen:Hide webmaster","Webmaster ausblendenen:Hide webmaster",""
"l_horizontal_gap_in_px","code","Local","Horizontaler Abstand in pxen:Horizontal gap in px","Horizontaler Abstand in pxen:Horizontal gap in px",""
"l_hover_image","code","Local","Hover-Bilden:Hover image","Hover-Bilden:Hover image",""
"l_hra","code","Local","HRA","HRA",""
"l_hra_no","code","Local","HRA-Nr.en:HRA no.","HRA-Nr.en:HRA no.",""
"l_hrb","code","Local","HRB","HRB",""
"l_hrb_no","code","Local","HRB-Nr.en:HRB no.","HRB-Nr.en:HRB no.",""
"l_html_code","code","Local","HTML-Codeen:HTML code","HTML-Codeen:HTML code",""
"l_image_category","code","Local","Bildkategorieen:Image category","Bildkategorieen:Image category",""
"l_image_folder","code","Local","Bildordneren:Image folder","Bildordneren:Image folder",""
"l_image_title","code","Local","Bildtitelen:Image title","Bildtitelen:Image title",""
"l_info","code","Local","Info","Info",""
"l_inquiry_form","code","Local","Anfrageformularen:Inquiry form","Anfrageformularen:Inquiry form",""
"l_interval_in_ms","code","Local","Intervall in msen:Interval in ms","Intervall in msen:Interval in ms",""
"l_italic_text","code","Local","Kursiver Texten:Italic text","Kursiver Texten:Italic text",""
"l_job_offer","code","Local","Stellenangeboten:Job offer","Stellenangeboten:Job offer",""
"l_job_title","code","Local","Stellenbezeichnungen:Job title","Stellenbezeichnungen:Job title",""
"l_large_text","code","Local","Großer Texten:Large text","Großer Texten:Large text",""
"l_legal_info","code","Local","Impressumen:Legal info","Impressumen:Legal info",""
"l_legal_notice","code","Local","Impressumen:Legal notice","Impressumen:Legal notice",""
"l_link","code","Local","Link","Link",""
"l_link_text","code","Local","Linktexten:Link text","Linktexten:Link text",""
"l_loading","code","Local","Lade...en:Loading...","Lade...en:Loading...",""
"l_logo","code","Local","Logo","Logo",""
"l_logon","code","Local","Loginen:Logon","Loginen:Logon",""
"l_loop","code","Local","Loop","Loop",""
"l_maximum_description_length","code","Local","Maximale Beschreibungslängeen:Maximum description length","Maximale Beschreibungslängeen:Maximum description length",""
"l_maximum_height_in_px","code","Local","Maximale Höhe in pxen:Maximum height in px","Maximale Höhe in pxen:Maximum height in px",""
"l_maximum_image_height_in_px","code","Local","Maximale Bildhöhe in pxen:Maximum image height in px","Maximale Bildhöhe in pxen:Maximum image height in px",""
"l_maximum_image_width_in_px","code","Local","Maximale Bildbreite in pxen:Maximum image width in px","Maximale Bildbreite in pxen:Maximum image width in px",""
"l_maximum_number_of_entries","code","Local","Maximale Anzahl an Einträgenen:Maximum number of entries","Maximale Anzahl an Einträgenen:Maximum number of entries",""
"l_maximum_text_length","code","Local","Maximale Textlängeen:Maximum text length","Maximale Textlängeen:Maximum text length",""
"l_maximum_width_in_px","code","Local","Maximale Breite in pxen:Maximum width in px","Maximale Breite in pxen:Maximum width in px",""
"l_media","code","Local","Media","Media",""
"l_menu","code","Local","Menüen:Menu","Menüen:Menu",""
"l_minimum_block_width_in_px","code","Local","Block-Mindestbreite in pxen:Minimum block width in px","Block-Mindestbreite in pxen:Minimum block width in px",""
"l_miscellaneous","code","Local","Sonstigesen:Miscellaneous","Sonstigesen:Miscellaneous",""
"l_more","code","Local","Mehren:More","Mehren:More",""
"l_newsletter_data_privacy_statement","code","Local","Newsletter Datenschutzerklärungen:Newsletter data privacy statement","Ich habe die
<a href=""/de/datenschutz.php"" onclick=""window.open(this.href);return false;"">Datenschutzerklärung</a>
zur Kenntnis genommen und
<label for=""newsletter-confirm"">ich bin damit einverstanden</label>,
dass die von mir angegebenen Daten elektronisch erhoben und gespeichert werden.
Meine Daten werden dabei ausschließlich zum Versand des Newsletters verwendet.en:I have read the
<a href=""/en/data-privacy.php"" onclick=""window.open(this.href);return false;"">data privacy statement</a>
and <label for=""newsletter-confirm"">I agree</label>,
that the data I provided will be collected and stored electronically.
My data will be used solely for sending the newsletter.",""
"l_next","code","Local","Nächstesen:Next","Nächstesen:Next",""
"l_no_background","code","Local","Kein Hintergrunden:No background","Kein Hintergrunden:No background",""
"l_no_padding","code","Local","Kein Innenabstanden:No padding","Kein Innenabstanden:No padding",""
"l_none","code","Local","Keinen:None","Keinen:None",""
"l_number_of_attributes","code","Local","Anzahl Eigenschaftenen:Number of attributes","Anzahl Eigenschaftenen:Number of attributes",""
"l_number_of_blocks","code","Local","Anzahl Blöckeen:Number of blocks","Anzahl Blöckeen:Number of blocks",""
"l_number_of_buttons","code","Local","Anzahl Buttonsen:Number of buttons","Anzahl Buttonsen:Number of buttons",""
"l_number_of_columns","code","Local","Anzahl Spaltenen:Number of columns","Anzahl Spaltenen:Number of columns",""
"l_number_of_entries","code","Local","Anzahl Einträgeen:Number of entries","Anzahl Einträgeen:Number of entries",""
"l_number_of_images","code","Local","Anzahl Bilderen:Number of images","Anzahl Bilderen:Number of images",""
"l_number_of_pages","code","Local","Anzahl Seitenen:Number of pages","Anzahl Seitenen:Number of pages",""
"l_number_of_products","code","Local","Anzahl Produkteen:Number of products","Anzahl Produkteen:Number of products",""
"l_number_of_rows","code","Local","Anzahl Zeilenen:Number of rows","Anzahl Zeilenen:Number of rows",""
"l_number_of_sections","code","Local","Anzahl Abschnitteen:Number of sections","Anzahl Abschnitteen:Number of sections",""
"l_number_of_slides","code","Local","Anzahl Slidesen:Number of slides","Anzahl Slidesen:Number of slides",""
"l_open","code","Local","Öffnenen:Open","Öffnenen:Open",""
"l_opened","code","Local","Geöffneten:Opened","Geöffneten:Opened",""
"l_optional","code","Local","Optional","Optional",""
"l_optout","code","Local","Opt-Outen:Opt-out","Opt-Outen:Opt-out",""
"l_optout_confirmation","code","Local","Opt-Out Bestätigungen:Opt-opt confirmation","Ihre Nutzungsdaten werden auf unserer Website während dieser Sitzung nicht erfasst. Hierzu wurde ein Cookie hinterlegt, der gelöscht wird, sobald Sie ihren Browser schließen. Sollten Sie unsere Website nach dem Löschen des Cookie erneut besuchen, müssen Sie bei Bedarf das Opt-Out erneut ausführen.en:Your usage data will not be collected by our website during this session. For this, a cookie has been stored that will be deleted when you close your web browser. If you revisit our website after the cookie was deleted, you have to repeat the opt-out if desired.",""
"l_organisation","code","Local","Organisation","Organisation",""
"l_overview","code","Local","Übersichten:Overview","Übersichten:Overview",""
"l_owner","code","Local","Inhaberen:Owner","Inhaberen:Owner",""
"l_page_content","code","Local","Seiteninhalten:Page content","Seiteninhalten:Page content",""
"l_page_title","code","Local","Seitentitelen:Page title","Seitentitelen:Page title",""
"l_pause","code","Local","Pauseen:Pause","Pauseen:Pause",""
"l_permission","code","Local","Berechtigungen:Permission","Berechtigungen:Permission",""
"l_person","code","Local","Person","Person",""
"l_person_in_charge","code","Local","Verantwortliche Personen:Person in charge","Verantwortliche Personen:Person in charge",""
"l_phone","code","Local","Telefonen:Phone","Telefonen:Phone",""
"l_platform","code","Local","Plattformen:Platform","Plattformen:Platform",""
"l_play","code","Local","Wiedergabeen:Play","Wiedergabeen:Play",""
"l_play_pause","code","Local","Wiedergabe / Pauseen:Play / pause","Wiedergabe / Pauseen:Play / pause",""
"l_postal_code","code","Local","Postleitzahlen:Postal code","Postleitzahlen:Postal code",""
"l_poster_image","code","Local","Startbilden:Poster image","Startbilden:Poster image",""
"l_preview","code","Local","Vorschauen:Preview","Vorschauen:Preview",""
"l_previous","code","Local","Vorherigesen:Previous","Vorherigesen:Previous",""
"l_print_page","code","Local","Seite druckenen:Print page","Seite druckenen:Print page",""
"l_privacy","code","Local","Datenschutzen:Privacy","Datenschutzen:Privacy",""
"l_product","code","Local","Produkten:Product","Produkten:Product",""
"l_protected_content","code","Local","Geschützter Inhalten:Protected content","Geschützter Inhalten:Protected content",""
"l_published","code","Local","Veröffentlichten:Published","Veröffentlichten:Published",""
"l_question","code","Local","Frageen:Question","Frageen:Question",""
"l_quotation","code","Local","Zitaten:Quotation","Zitaten:Quotation",""
"l_read_on","code","Local","Weiterlesenen:Read on","Weiterlesenen:Read on",""
"l_recipient_email_for_notifications","code","Local","Empfänger-E-Mail für Benachrichtigungenen:Recipient e-mail for notifications","Empfänger-E-Mail für Benachrichtigungenen:Recipient e-mail for notifications",""
"l_redirect","code","Local","Weiterleitungen:Redirect","Klicken Sie hier, falls Sie nicht automatisch weitergeleitet werden.en:Click here if you are not redirected automatically.",""
"l_region","code","Local","Region","Region",""
"l_registration_authority","code","Local","Registerbehördeen:Registration authority","Registerbehördeen:Registration authority",""
"l_relative_height_of_display_in_percent","code","Local","Relative Höhe der Anzeige in %en:Relative height of display in %","Relative Höhe der Anzeige in %en:Relative height of display in %",""
"l_responsible_for_content","code","Local","Inhaltlich verantwortlichen:Responsible for content","Verantwortlich für den Inhalt nach § 18 Abs. 2 MStV
en:Responsible for content according to § 18 (2) MStV",""
"l_rotation_speed_in_ms","code","Local","Drehgeschwindigkeit in msen:Rotation speed in ms","Drehgeschwindigkeit in msen:Rotation speed in ms",""
"l_rss","code","Local","RSS","RSS",""
"l_rss_feed_url","code","Local","RSS-Feed-Adresseen:RSS feed URL","RSS-Feed-Adresseen:RSS feed URL",""
"l_rss_settings","code","Local","RSS-Einstellungenen:RSS settings","RSS-Einstellungenen:RSS settings",""
"l_sandbox_attribute","code","Local","Sandbox-Attributen:Sandbox attribute","Sandbox-Attributen:Sandbox attribute",""
"l_search","code","Local","Sucheen:Search","Sucheen:Search",""
"l_seconds","code","Local","Sekundenen:Seconds","Sekundenen:Seconds",""
"l_section_title","code","Local","Abschnittstitelen:Section title","Abschnittstitelen:Section title",""
"l_select","code","Local","Auswählenen:Select","Auswählenen:Select",""
"l_select_language","code","Local","Sprache auswählenen:Select language","Sprache auswählenen:Select language",""
"l_show_date","code","Local","Datum anzeigenen:Show date","Datum anzeigenen:Show date",""
"l_show_hide","code","Local","Anzeigen / ausblendenen:Show / hide","Anzeigen / ausblendenen:Show / hide",""
"l_show_immediately","code","Local","Sofort anzeigenen:Show immediately","Sofort anzeigenen:Show immediately",""
"l_show_link","code","Local","Link anzeigenen:Show link","Link anzeigenen:Show link",""
"l_show_newest_first","code","Local","Neueste zuerst anzeigenen:Show newest first","Neueste zuerst anzeigenen:Show newest first",""
"l_show_oldest_first","code","Local","Älteste zuerst anzeigenen:Show oldest first","Älteste zuerst anzeigenen:Show oldest first",""
"l_show_section_when_logged_in","code","Local","Zeige Bereich, wenn angemeldet.en:Show section when logged in.","Zeige Bereich, wenn angemeldet.en:Show section when logged in.",""
"l_show_section_when_not_logged_in","code","Local","Zeige Bereich, wenn nicht angemeldet.en:Show section when not logged in.","Zeige Bereich, wenn nicht angemeldet.en:Show section when not logged in.",""
"l_sitemap","code","Local","Sitemap","Sitemap",""
"l_slide","code","Local","Slide","Slide",""
"l_slide_content","code","Local","Slide-Inhalten:Slide content","Slide-Inhalten:Slide content",""
"l_slogan","code","Local","Slogan","Dies ist Ihr Slogan oder Seitentitel.en:This is your slogan or page title.",""
"l_small_text","code","Local","Kleiner Texten:Small text","Kleiner Texten:Small text",""
"l_source_code","code","Local","Quellcodeen:Source code","Quellcodeen:Source code",""
"l_spam_filter_activation_threshold","code","Local","Spamfilter-Aktivierungsgrenze in %en:Spam filter activation threshold in %","Spamfilter-Aktivierungsgrenze in %en:Spam filter activation threshold in %",""
"l_start_chat","code","Local","Chat startenen:Start chat","Chat startenen:Start chat",""
"l_start_time","code","Local","Startzeiten:Start time","Startzeiten:Start time",""
"l_street","code","Local","Straßeen:Street","Straßeen:Street",""
"l_strikethrough_text","code","Local","Durchgestrichener Texten:Strikethrough text","Durchgestrichener Texten:Strikethrough text",""
"l_strongly_emphasized_text","code","Local","Stark hervorgehobener Texten:Strongly emphasized text","Stark hervorgehobener Texten:Strongly emphasized text",""
"l_subscribe","code","Local","Anmeldenen:Subscribe","Anmeldenen:Subscribe",""
"l_subscribe_rss","code","Local","RSS-Channel abonnierenen:Subscribe to RSS channel","RSS-Channel abonnierenen:Subscribe to RSS channel",""
"l_target_page_with_search_module","code","Local","Zielseite mit Suchmodulen:Target page with search module","Zielseite mit Suchmodulen:Target page with search module",""
"l_target_url","code","Local","Ziel-URLen:Target URL","Ziel-URLen:Target URL",""
"l_teaser_heading","code","Local","Teaser-Überschriften:Teaser heading","Teaser-Überschriften:Teaser heading",""
"l_teaser_image","code","Local","Teaser-Bilden:Teaser image","Teaser-Bilden:Teaser image",""
"l_teaser_text","code","Local","Teaser-Texten:Teaser text","Teaser-Texten:Teaser text",""
"l_teasers_per_page","code","Local","Teaser pro Seiteen:Teasers per page","Teaser pro Seiteen:Teasers per page",""
"l_technical_implementation","code","Local","Technische Umsetzungen:Technical implementation","Technische Umsetzungen:Technical implementation",""
"l_term","code","Local","Begriffen:Term","Begriffen:Term",""
"l_term_definition","code","Local","Begriffsdefinitionen:Term definition","Begriffsdefinitionen:Term definition",""
"l_terms_of_use","code","Local","Nutzungshinweiseen:Terms of use","Nutzungshinweiseen:Terms of use",""
"l_text_left","code","Local","Text linksen:Text left","Text linksen:Text left",""
"l_text_ticker","code","Local","Texttickeren:Text ticker","Texttickeren:Text ticker",""
"l_thanks_for_the_link","code","Local","Danke fürs Verlinkenen:Thanks for the link","Danke fürs Verlinkenen:Thanks for the link",""
"l_title","code","Local","Titelen:Title","Titelen:Title",""
"l_top","code","Local","Obenen:Top","Obenen:Top",""
"l_tracking_notice_banner","code","Local","Tracking Hinweisbanneren:Tracking notice banner","Um unsere Website für Sie zu verbessern, erfassen wir anonyme Nutzungsdaten.en:In order to improve our website for you, we collect anonymous usage data.",""
"l_transition","code","Local","Übergangen:Transition","Übergangen:Transition",""
"l_underlined_text","code","Local","Unterstrichener Texten:Underlined text","Unterstrichener Texten:Underlined text",""
"l_updated","code","Local","Aktualisierten:Updated","Aktualisierten:Updated",""
"l_url","code","Local","URL","URL",""
"l_use_captcha","code","Local","CAPTCHA verwendenen:Use CAPTCHA","CAPTCHA verwendenen:Use CAPTCHA",""
"l_valid_until","code","Local","Gültig bisen:Valid until","Gültig bisen:Valid until",""
"l_vat_id_no","code","Local","USt-IdNr.en:VAT ID no.","USt-IdNr.en:VAT ID no.",""
"l_vertical_gap_in_px","code","Local","Vertikaler Abstand in pxen:Vertical gap in px","Vertikaler Abstand in pxen:Vertical gap in px",""
"l_video_id","code","Local","Video-IDen:Video ID","Video-IDen:Video ID",""
"l_views","code","Local","Zugriffeen:Views","%u Zugriffeen:%u views",""
"l_visitors_online","code","Local","Besucher onlineen:Visitors online","%u Besucher onlineen:%u visitors online",""
"l_weighting","code","Local","Gewichtungen:Weighting","Gewichtungen:Weighting",""
"l_wipe","code","Local","Enthüllenen:Wipe","Enthüllenen:Wipe",""
"l_work","code","Local","Werken:Work","Werken:Work",""
"l_x_in_percent","code","Local","X in %","X in %",""
"l_y_in_percent","code","Local","Y in %","Y in %",""
"l_zero_equals_disabled","code","Local","0 = deaktivierten:0 = disabled","0 = deaktivierten:0 = disabled",""
"l_zoom","code","Local","Zoom","Zoom",""
"link_phone","code","Info","Telefon Linken:Phone link","+#############",""
"link_title","code","Link","Link mit Titelen:Link /w title","<a href=""%url%""[ title=""%title%""]>%text%</a>","text,url,title"
"link_title_popup","code","Link","Link mit Titel ➔ neues Fensteren:Link /w title ➔ new window","<a href=""%url%""[ title=""%title%""] onclick=""window.open(this.href);return false;"">%text%</a>","text,url,title"
"lorem_ipsum","code","Text","Lorem ipsum","Lorem katzum dolor sit ameow, consectetuer adipiscing whisker. Aenean grrr commodo ligula eget dolor. Aenean meow. Cum sociis natoque penatibus et magnis dis purrturient montes, whisker nascetur ridiculus mus. Donec quam furry, felis, whisker congregatis eget, purr quis, meow.
",""
"phone","code","Info","Telefonen:Phone","+## ### ########",""
"popup","code","Link","Popupen:Pop-up","<a href=""%url%""[ title=""%title%""] onclick=""window.open(this.href);return false;"">%text%</a>","url,text,title"
"shariff","code","Widget","Shariff Share-Buttons","<script>
load_css(""3rdparty/shariff-3.2.1/shariff.complete.css"");
load_script(""3rdparty/shariff-3.2.1/shariff.complete.js"");
</script>

<div class=""shariff"" data-services=""[&quot;twitter&quot;,&quot;facebook&quot;]"" data-theme=""white""[ data-title=""%title%""][ data-url=""%url%""]></div>","title,url"
"sitename","code","Info","Sitenameen:Site name","Website Titelen:Website title",""
"sub","code","Text","Tiefergestellten:Subscript","<sub>%text%</sub>","text"
"sup","code","Text","Hochgestellten:Superscript","<sup>%text%</sup>","text"
"tracking_code","code","Info","Tracking-Codeen:Tracking code","<!--

Replace this comment with a tracking code or delete it to disable the confirmation prompt on the website.

Ersetzen Sie diesen Kommentar durch einen Tracking-Code oder löschen Sie ihn, um die Bestätigungsaufforderung auf der Website abzuschalten.

-->",""
"vertical_space","code","[ ... ]","Vertikaler Abstanden:Vertical space","<img src=""data:image/svg+xml,%3Csvg%20xmlns%3D%22http%3A%2F%2Fwww.w3.org%2F2000%2Fsvg%22%20width%3D%220%22%20height%3D%22%pixel%%22%3E%3C%2Fsvg%3E"" alt="""">","pixel"
"white","code","Text","Weiss","<span style=""COLOR:white"">%text%</span>","text"
"youtube","code","Widget","Youtube-Videoen:Youtube video","<div style=""ASPECT-RATIO:16/9"">

  <iframe src=""https://www.youtube-nocookie.com/embed/%v_parameter%""
          allow=""accelerometer;autoplay;clipboard-write;encrypted-media;fullscreen;gyroscope;picture-in-picture;web-share""
          referrerpolicy=""strict-origin-when-cross-origin""
          allowfullscreen
          title=""YouTube""
          style=""HEIGHT:100%;POSITION:absolute;WIDTH:100%"">

    <a href=""http://youtu.be/%v_parameter%"" onclick=""window.open(this.href,'_blank');return false;"">Video anzeigen</a>

  </iframe>

</div>","v_parameter"
